CHR,BP,ID,,Type,Ortholog ID,Function
Cexcelsa_scaf_4,868320,g235.,g235.t1,gene,AT5G64390.3,"Note=RNA-binding KH domain-containing protein: curator_summary=encodes a K homology (KH) domain-containing, putative RNA binding protein that interacts with HUA1, a CCCH zinc finger RNA binding protein in the nucleus. HEN4 acts redundantly with HUA1 and HUA2 in the specification of floral organ identity in the third whorl. The mRNA is cell-to-cell mobile.: symbol=HEN4: full_name=HUA ENHANCER 4: computational_description=RNA-binding KH domain-containing protein: conf_class=1: conf_rating=*****: conf_class=6: conf_rating=**: "
Cexcelsa_scaf_4,868130,g235.,g235.t1,gene,AT5G64390.3,"Note=RNA-binding KH domain-containing protein: curator_summary=encodes a K homology (KH) domain-containing, putative RNA binding protein that interacts with HUA1, a CCCH zinc finger RNA binding protein in the nucleus. HEN4 acts redundantly with HUA1 and HUA2 in the specification of floral organ identity in the third whorl. The mRNA is cell-to-cell mobile.: symbol=HEN4: full_name=HUA ENHANCER 4: computational_description=RNA-binding KH domain-containing protein: conf_class=1: conf_rating=*****: conf_class=6: conf_rating=**: "
Cexcelsa_scaf_4,868288,g235.,g235.t1,gene,AT5G64390.3,"Note=RNA-binding KH domain-containing protein: curator_summary=encodes a K homology (KH) domain-containing, putative RNA binding protein that interacts with HUA1, a CCCH zinc finger RNA binding protein in the nucleus. HEN4 acts redundantly with HUA1 and HUA2 in the specification of floral organ identity in the third whorl. The mRNA is cell-to-cell mobile.: symbol=HEN4: full_name=HUA ENHANCER 4: computational_description=RNA-binding KH domain-containing protein: conf_class=1: conf_rating=*****: conf_class=6: conf_rating=**: "
Cexcelsa_scaf_4,1435550,g382.,g382.t1,gene,AT2G42975.1,Note=None: conf_class=2: computational_description=myosin-G heavy chain-like protein: conf_rating=****: symbol=None: curator_summary=None: 
Cexcelsa_scaf_4,4568719,g1209.,g1209.t1,gene,AT2G33070.3,"Note=nitrile specifier protein 2: curator_summary=Encodes a nitrile-specifier protein NSP2. NSP2 is one out of five (At3g16400/NSP1, At2g33070/NSP2, At3g16390/NSP3, At3g16410/NSP4 and At5g48180/NSP5) A. thaliana epithiospecifier protein (ESP) homologues that promote simple nitrile, but not epithionitrile or thiocyanate formation.: symbol=NSP2: full_name=nitrile specifier protein 2: computational_description=nitrile specifier protein 2: conf_class=2: conf_rating=****: conf_class=6: conf_rating=**: conf_class=4: conf_rating=***: "
Cexcelsa_scaf_4,4801887,g1270.,g1270.t1,gene,AT4G23160.2,full_name=cysteine-rich RLK (RECEPTOR-like protein kinase) 8: Note=None: curator_summary=Encodes a cysteine-rich receptor-like protein kinase.: conf_class=6: symbol=None: computational_description=cysteine-rich RECEPTOR-like kinase: conf_rating=**: 
Cexcelsa_scaf_4,5258011,g1363.,g1363.t1,gene,AT4G23160.2,full_name=cysteine-rich RLK (RECEPTOR-like protein kinase) 8: Note=None: curator_summary=Encodes a cysteine-rich receptor-like protein kinase.: conf_class=6: symbol=None: computational_description=cysteine-rich RECEPTOR-like kinase: conf_rating=**: 
Cexcelsa_scaf_4,7993625,g1889.,g1889.t1,gene,AT2G09388.1,Note=None: conf_class=10: computational_description=hypothetical protein: symbol=None: curator_summary=None: 
Cexcelsa_scaf_4,10836420,g2635.,g2635.t1,gene,AT3G49210.1,Note=O-acyltransferase (WSD1-like) family protein: computational_description=O-acyltransferase (WSD1-like) family protein: conf_class=2: conf_rating=****: symbol=WSD6: curator_summary=WSD6 can function in vitro as wax ester synthase but does not appear to be essential for cuticular wax biosynthesis.: 
Cexcelsa_scaf_4,24871459,g5070.,g5070.t1,gene,AT5G16070.1,Note=TCP-1/cpn60 chaperonin family protein: computational_description=TCP-1/cpn60 chaperonin family protein: conf_class=2: conf_rating=****: symbol=CCT6-1: curator_summary=None: 
Cexcelsa_scaf_4,25724756,g5295.,g5295.t1,gene,AT5G13000.1,Note=glucan synthase-like 12: curator_summary=encodes a gene similar to callose synthase: symbol=GSL12: full_name=glucan synthase-like 12: computational_description=glucan synthase-like 12: conf_class=2: conf_rating=****: conf_class=6: conf_rating=**: 
Cexcelsa_scaf_4,25718023,g5295.,g5295.t1,gene,AT5G13000.1,Note=glucan synthase-like 12: curator_summary=encodes a gene similar to callose synthase: symbol=GSL12: full_name=glucan synthase-like 12: computational_description=glucan synthase-like 12: conf_class=2: conf_rating=****: conf_class=6: conf_rating=**: 
Cexcelsa_scaf_4,25717693,g5295.,g5295.t1,gene,AT5G13000.1,Note=glucan synthase-like 12: curator_summary=encodes a gene similar to callose synthase: symbol=GSL12: full_name=glucan synthase-like 12: computational_description=glucan synthase-like 12: conf_class=2: conf_rating=****: conf_class=6: conf_rating=**: 
Cexcelsa_scaf_4,25717980,g5295.,g5295.t1,gene,AT5G13000.1,Note=glucan synthase-like 12: curator_summary=encodes a gene similar to callose synthase: symbol=GSL12: full_name=glucan synthase-like 12: computational_description=glucan synthase-like 12: conf_class=2: conf_rating=****: conf_class=6: conf_rating=**: 
Cexcelsa_scaf_4,25717667,g5295.,g5295.t1,gene,AT5G13000.1,Note=glucan synthase-like 12: curator_summary=encodes a gene similar to callose synthase: symbol=GSL12: full_name=glucan synthase-like 12: computational_description=glucan synthase-like 12: conf_class=2: conf_rating=****: conf_class=6: conf_rating=**: 
Cexcelsa_scaf_4,25718024,g5295.,g5295.t1,gene,AT5G13000.1,Note=glucan synthase-like 12: curator_summary=encodes a gene similar to callose synthase: symbol=GSL12: full_name=glucan synthase-like 12: computational_description=glucan synthase-like 12: conf_class=2: conf_rating=****: conf_class=6: conf_rating=**: 
Cexcelsa_scaf_4,25717803,g5295.,g5295.t1,gene,AT5G13000.1,Note=glucan synthase-like 12: curator_summary=encodes a gene similar to callose synthase: symbol=GSL12: full_name=glucan synthase-like 12: computational_description=glucan synthase-like 12: conf_class=2: conf_rating=****: conf_class=6: conf_rating=**: 
Cexcelsa_scaf_4,25717468,g5295.,g5295.t1,gene,AT5G13000.1,Note=glucan synthase-like 12: curator_summary=encodes a gene similar to callose synthase: symbol=GSL12: full_name=glucan synthase-like 12: computational_description=glucan synthase-like 12: conf_class=2: conf_rating=****: conf_class=6: conf_rating=**: 
Cexcelsa_scaf_4,25724441,g5295.,g5295.t1,gene,AT5G13000.1,Note=glucan synthase-like 12: curator_summary=encodes a gene similar to callose synthase: symbol=GSL12: full_name=glucan synthase-like 12: computational_description=glucan synthase-like 12: conf_class=2: conf_rating=****: conf_class=6: conf_rating=**: 
Cexcelsa_scaf_4,25718061,g5295.,g5295.t1,gene,AT5G13000.1,Note=glucan synthase-like 12: curator_summary=encodes a gene similar to callose synthase: symbol=GSL12: full_name=glucan synthase-like 12: computational_description=glucan synthase-like 12: conf_class=2: conf_rating=****: conf_class=6: conf_rating=**: 
Cexcelsa_scaf_4,25724445,g5295.,g5295.t1,gene,AT5G13000.1,Note=glucan synthase-like 12: curator_summary=encodes a gene similar to callose synthase: symbol=GSL12: full_name=glucan synthase-like 12: computational_description=glucan synthase-like 12: conf_class=2: conf_rating=****: conf_class=6: conf_rating=**: 
Cexcelsa_scaf_4,25717729,g5295.,g5295.t1,gene,AT5G13000.1,Note=glucan synthase-like 12: curator_summary=encodes a gene similar to callose synthase: symbol=GSL12: full_name=glucan synthase-like 12: computational_description=glucan synthase-like 12: conf_class=2: conf_rating=****: conf_class=6: conf_rating=**: 
Cexcelsa_scaf_4,25718104,g5295.,g5295.t1,gene,AT5G13000.1,Note=glucan synthase-like 12: curator_summary=encodes a gene similar to callose synthase: symbol=GSL12: full_name=glucan synthase-like 12: computational_description=glucan synthase-like 12: conf_class=2: conf_rating=****: conf_class=6: conf_rating=**: 
Cexcelsa_scaf_4,35476164,g7575.,g7575.t1,gene,AT3G07640.1,Note=None: computational_description=period circadian protein: conf_class=2: conf_rating=****: symbol=PBAC5: curator_summary=None: 
Cexcelsa_scaf_4,35657905,g7632.,g7632.t1,gene,AT3G66658.2,Note=aldehyde dehydrogenase 22A1: curator_summary=Encodes a putative aldehyde dehydrogenase. The gene is not responsive to osmotic stress and is expressed constitutively at a low level in plantlets and root cultures.: symbol=ALDH22A1: full_name=aldehyde dehydrogenase 22A1: computational_description=aldehyde dehydrogenase 22A1: conf_class=2: conf_rating=****: 
Cexcelsa_scaf_1,10770473,g12064.,g12064.t1,gene,AT3G16890.1,"Note=pentatricopeptide (PPR) domain protein 40: curator_summary=Encodes a mitochondrial pentatricopeptide repeat (PPR) domain protein, PPR40, which provides a signalling link between mitochondrial electron transport and regulation of stress and hormonal responses.  Mutations in PPR40 result in enhanced sensitivity to salt, ABA and oxidative stress, as well as reduced electron transport through Complex III (cytochrome c reductase).: symbol=PPR40: full_name=pentatricopeptide (PPR) domain protein 40: computational_description=pentatricopeptide (PPR) domain protein 40: conf_class=1: conf_rating=*****: "
Cexcelsa_scaf_1,15099490,g13319.,g13319.t1,gene,AT3G18750.3,"Note=with no lysine (K) kinase 6: curator_summary=Encodes a member of the WNK family (9 members in all) of protein kinases, the structural design of which is clearly distinct from those of other known protein kinases, such as receptor-like kinases and mitogen-activated protein kinases. Its transcription is under the control of circadian rhythms.: symbol=WNK6: full_name=with no lysine (K) kinase 6: computational_description=with no lysine (K) kinase 6: conf_class=2: conf_rating=****: conf_class=1: conf_rating=*****: conf_class=3: "
Cexcelsa_scaf_1,15099250,g13319.,g13319.t1,gene,AT3G18750.3,"Note=with no lysine (K) kinase 6: curator_summary=Encodes a member of the WNK family (9 members in all) of protein kinases, the structural design of which is clearly distinct from those of other known protein kinases, such as receptor-like kinases and mitogen-activated protein kinases. Its transcription is under the control of circadian rhythms.: symbol=WNK6: full_name=with no lysine (K) kinase 6: computational_description=with no lysine (K) kinase 6: conf_class=2: conf_rating=****: conf_class=1: conf_rating=*****: conf_class=3: "
Cexcelsa_scaf_1,15099517,g13319.,g13319.t1,gene,AT3G18750.3,"Note=with no lysine (K) kinase 6: curator_summary=Encodes a member of the WNK family (9 members in all) of protein kinases, the structural design of which is clearly distinct from those of other known protein kinases, such as receptor-like kinases and mitogen-activated protein kinases. Its transcription is under the control of circadian rhythms.: symbol=WNK6: full_name=with no lysine (K) kinase 6: computational_description=with no lysine (K) kinase 6: conf_class=2: conf_rating=****: conf_class=1: conf_rating=*****: conf_class=3: "
Cexcelsa_scaf_1,15099196,g13319.,g13319.t1,gene,AT3G18750.3,"Note=with no lysine (K) kinase 6: curator_summary=Encodes a member of the WNK family (9 members in all) of protein kinases, the structural design of which is clearly distinct from those of other known protein kinases, such as receptor-like kinases and mitogen-activated protein kinases. Its transcription is under the control of circadian rhythms.: symbol=WNK6: full_name=with no lysine (K) kinase 6: computational_description=with no lysine (K) kinase 6: conf_class=2: conf_rating=****: conf_class=1: conf_rating=*****: conf_class=3: "
Cexcelsa_scaf_1,15100107,g13319.,g13319.t1,gene,AT3G18750.3,"Note=with no lysine (K) kinase 6: curator_summary=Encodes a member of the WNK family (9 members in all) of protein kinases, the structural design of which is clearly distinct from those of other known protein kinases, such as receptor-like kinases and mitogen-activated protein kinases. Its transcription is under the control of circadian rhythms.: symbol=WNK6: full_name=with no lysine (K) kinase 6: computational_description=with no lysine (K) kinase 6: conf_class=2: conf_rating=****: conf_class=1: conf_rating=*****: conf_class=3: "
Cexcelsa_scaf_1,15680680,g13461.,g13461.t1,gene,AT3G23255.2,Note=None: conf_class=2: computational_description=tRNA dimethylallyltransferase: conf_rating=****: symbol=None: curator_summary=None: conf_class=4: conf_rating=***: 
Cexcelsa_scaf_1,34176848,g15804.,g15804.t1,gene,AT4G23160.2,full_name=cysteine-rich RLK (RECEPTOR-like protein kinase) 8: Note=None: curator_summary=Encodes a cysteine-rich receptor-like protein kinase.: conf_class=6: symbol=None: computational_description=cysteine-rich RECEPTOR-like kinase: conf_rating=**: 
Cexcelsa_scaf_1,34177695,g15804.,g15804.t1,gene,AT4G23160.2,full_name=cysteine-rich RLK (RECEPTOR-like protein kinase) 8: Note=None: curator_summary=Encodes a cysteine-rich receptor-like protein kinase.: conf_class=6: symbol=None: computational_description=cysteine-rich RECEPTOR-like kinase: conf_rating=**: 
Cexcelsa_scaf_1,34177505,g15804.,g15804.t1,gene,AT4G23160.2,full_name=cysteine-rich RLK (RECEPTOR-like protein kinase) 8: Note=None: curator_summary=Encodes a cysteine-rich receptor-like protein kinase.: conf_class=6: symbol=None: computational_description=cysteine-rich RECEPTOR-like kinase: conf_rating=**: 
Cexcelsa_scaf_1,34193647,g15808.,g15808.t1,gene,AT4G23160.2,full_name=cysteine-rich RLK (RECEPTOR-like protein kinase) 8: Note=None: curator_summary=Encodes a cysteine-rich receptor-like protein kinase.: conf_class=6: symbol=None: computational_description=cysteine-rich RECEPTOR-like kinase: conf_rating=**: 
Cexcelsa_scaf_1,34194056,g15808.,g15808.t1,gene,AT4G23160.2,full_name=cysteine-rich RLK (RECEPTOR-like protein kinase) 8: Note=None: curator_summary=Encodes a cysteine-rich receptor-like protein kinase.: conf_class=6: symbol=None: computational_description=cysteine-rich RECEPTOR-like kinase: conf_rating=**: 
Cexcelsa_scaf_1,34217632,g15810.,g15810.t1,gene,AT4G23160.2,full_name=cysteine-rich RLK (RECEPTOR-like protein kinase) 8: Note=None: curator_summary=Encodes a cysteine-rich receptor-like protein kinase.: conf_class=6: symbol=None: computational_description=cysteine-rich RECEPTOR-like kinase: conf_rating=**: 
Cexcelsa_scaf_1,40313376,g17141.,g17141.t1,gene,AT4G26120.2,Note=None: conf_class=2: computational_description=Ankyrin repeat family protein / BTB/POZ domain-containing protein: conf_rating=****: symbol=None: curator_summary=: 
Cexcelsa_scaf_1,40313612,g17141.,g17141.t1,gene,AT4G26120.2,Note=None: conf_class=2: computational_description=Ankyrin repeat family protein / BTB/POZ domain-containing protein: conf_rating=****: symbol=None: curator_summary=: 
Cexcelsa_scaf_1,48640639,g18703.,g18703.t1,gene,AT3G63450.4,Note=RNA-binding (RRM/RBD/RNP motifs) family protein: conf_class=2: computational_description=RNA-binding (RRM/RBD/RNP motifs) family protein: conf_rating=****: symbol=None: curator_summary=None: conf_class=3: 
Cexcelsa_scaf_1,48652532,g18705.,g18705.t1,gene,AT3G63470.1,Note=serine carboxypeptidase-like 40: symbol=scpl40: full_name=serine carboxypeptidase-like 40: computational_description=serine carboxypeptidase-like 40: conf_class=2: conf_rating=****: curator_summary=None: 
Cexcelsa_scaf_1,48923122,g18780.,g18780.t1,gene,AT3G63280.4,"full_name=NIMA-related kinase 4: Note=None: curator_summary=Encodes AtNek4, a member of the NIMA-related serine/threonine kinases (Neks) that have been linked to cell-cycle regulation in fungi and mammals.  Plant Neks might be involved in plant development processes.: conf_class=2: symbol=None: computational_description=NIMA-related kinase 4: conf_rating=****: "
Cexcelsa_scaf_1,48922782,g18780.,g18780.t1,gene,AT3G63280.4,"full_name=NIMA-related kinase 4: Note=None: curator_summary=Encodes AtNek4, a member of the NIMA-related serine/threonine kinases (Neks) that have been linked to cell-cycle regulation in fungi and mammals.  Plant Neks might be involved in plant development processes.: conf_class=2: symbol=None: computational_description=NIMA-related kinase 4: conf_rating=****: "
Cexcelsa_scaf_1,49113354,g18836.,g18836.t1,gene,AT3G60290.1,Note=2-oxoglutarate (2OG) and Fe(II)-dependent oxygenase superfamily protein: conf_class=2: computational_description=2-oxoglutarate (2OG) and Fe(II)-dependent oxygenase superfamily protein: conf_rating=****: symbol=None: curator_summary=None: 
Cexcelsa_scaf_1,49349159,g18903.,g18903.t1,gene,AT3G59220.1,Note=pirin: curator_summary=encodes a cupin-domain containing protein that is similar to pirins which interact with a CCAAT box binding transcription factor. The protein interacts with GPA1 (G protein alpha-subunit) in vitro. Mutants in the gene are affected in germination and early seedling development.: symbol=PRN: full_name=pirin: computational_description=pirin: conf_class=2: conf_rating=****: 
Cexcelsa_scaf_1,49583821,g18966.,g18966.t1,gene,AT3G58050.2,Note=None: conf_class=6: computational_description=hypothetical protein: conf_rating=**: symbol=None: curator_summary=: 
Cexcelsa_scaf_1,50115860,g19108.,g19108.t1,gene,AT3G55270.1,"Note=mitogen-activated protein kinase phosphatase 1: curator_summary=Encodes MAP kinase phosphatase 1 (MKP1).  Loss of MKP1 results in hypersensitivity to acute UV-B stress, but without impairing UV-B acclimation.: symbol=MKP1: full_name=mitogen-activated protein kinase phosphatase 1: computational_description=mitogen-activated protein kinase phosphatase 1: conf_class=2: conf_rating=****: "
Cexcelsa_scaf_1,50116755,g19108.,g19108.t1,gene,AT3G55270.1,"Note=mitogen-activated protein kinase phosphatase 1: curator_summary=Encodes MAP kinase phosphatase 1 (MKP1).  Loss of MKP1 results in hypersensitivity to acute UV-B stress, but without impairing UV-B acclimation.: symbol=MKP1: full_name=mitogen-activated protein kinase phosphatase 1: computational_description=mitogen-activated protein kinase phosphatase 1: conf_class=2: conf_rating=****: "
Cexcelsa_scaf_1,50116395,g19108.,g19108.t1,gene,AT3G55270.1,"Note=mitogen-activated protein kinase phosphatase 1: curator_summary=Encodes MAP kinase phosphatase 1 (MKP1).  Loss of MKP1 results in hypersensitivity to acute UV-B stress, but without impairing UV-B acclimation.: symbol=MKP1: full_name=mitogen-activated protein kinase phosphatase 1: computational_description=mitogen-activated protein kinase phosphatase 1: conf_class=2: conf_rating=****: "
Cexcelsa_scaf_1,50116508,g19108.,g19108.t1,gene,AT3G55270.1,"Note=mitogen-activated protein kinase phosphatase 1: curator_summary=Encodes MAP kinase phosphatase 1 (MKP1).  Loss of MKP1 results in hypersensitivity to acute UV-B stress, but without impairing UV-B acclimation.: symbol=MKP1: full_name=mitogen-activated protein kinase phosphatase 1: computational_description=mitogen-activated protein kinase phosphatase 1: conf_class=2: conf_rating=****: "
Cexcelsa_scaf_1,50116587,g19108.,g19108.t1,gene,AT3G55270.1,"Note=mitogen-activated protein kinase phosphatase 1: curator_summary=Encodes MAP kinase phosphatase 1 (MKP1).  Loss of MKP1 results in hypersensitivity to acute UV-B stress, but without impairing UV-B acclimation.: symbol=MKP1: full_name=mitogen-activated protein kinase phosphatase 1: computational_description=mitogen-activated protein kinase phosphatase 1: conf_class=2: conf_rating=****: "
Cexcelsa_scaf_1,50395734,g19195.,g19195.t1,gene,AT3G53460.4,Note=chloroplast RNA-binding protein 29: curator_summary=Encodes a nuclear gene with a consensus RNA-binding domain that is localized to the chloroplast.: symbol=CP29A: full_name=chloroplast RNA-binding protein 29: computational_description=chloroplast RNA-binding protein 29: conf_class=2: conf_rating=****: conf_class=6: conf_rating=**: 
Cexcelsa_scaf_1,50465510,g19212.,g19212.t1,gene,AT1G06720.2,Note=None: conf_class=3: computational_description=P-loop containing nucleoside triphosphate hydrolases superfamily protein: conf_rating=****: symbol=None: curator_summary=: 
Cexcelsa_scaf_1,50465024,g19212.,g19212.t1,gene,AT1G06720.2,Note=None: conf_class=3: computational_description=P-loop containing nucleoside triphosphate hydrolases superfamily protein: conf_rating=****: symbol=None: curator_summary=: 
Cexcelsa_scaf_1,50465051,g19212.,g19212.t1,gene,AT1G06720.2,Note=None: conf_class=3: computational_description=P-loop containing nucleoside triphosphate hydrolases superfamily protein: conf_rating=****: symbol=None: curator_summary=: 
Cexcelsa_scaf_1,50465357,g19212.,g19212.t1,gene,AT1G06720.2,Note=None: conf_class=3: computational_description=P-loop containing nucleoside triphosphate hydrolases superfamily protein: conf_rating=****: symbol=None: curator_summary=: 
Cexcelsa_scaf_1,50630456,g19250.,g19250.t1,gene,AT3G52450.1,Note=plant U-box 22: curator_summary=Encodes a cytoplasmically localized U-box domain E3 ubiquitin ligase protein that is involved in the response to water stress and acts as a negative regulator of PAMP-triggered immunity.: symbol=PUB22: full_name=plant U-box 22: computational_description=plant U-box 22: conf_class=1: conf_rating=*****: 
Cexcelsa_scaf_1,50809912,g19297.,g19297.t1,gene,AT3G51610.1,Note=None: curator_summary=Encodes a membrane protein NO PRIMEXINE AND PLASMA MEMBRANE UNDULATION (NPU). Involved in primexine deposition and plasma membrane undulation during early pollen wall development.: symbol=NPU: full_name=NO PRIMEXINE AND PLASMA MEMBRANE UNDULATION: computational_description=ATP-dependent helicase/deoxyribonuclease subunit B: conf_class=2: conf_rating=****: 
Cexcelsa_scaf_1,50824570,g19305.,g19305.t1,gene,AT3G51550.1,"Note=Malectin/receptor-like protein kinase family protein: curator_summary=Encodes a synergid-expressed, plasma-membrane localized receptor-like kinase that accumulates asymetrically in the synergid membrnane at the filiform apparatus and mediates male-female gametophyte interactions during pollen tube reception.  Also involved in powdery mildew infection. Mutants show faster root elongation under dim light, the protein is required for intracellular accumulation of AHA2 under dim-light growth conditions. Positively regulates flowering by modulating the transcript accumulation and mRNA alternative splicing of certain flowering-related genes, including FLOWERING LOCUS C (FLC) and its homolog MADS AFFECTING FLOWERING (MAF). However, the RALF1 ligand negatively regulates flowering compared with FER.: symbol=FER: full_name=FERONIA: computational_description=Malectin/receptor-like protein kinase family protein: conf_class=2: conf_rating=****: "
Cexcelsa_scaf_5,28858272,g28485.,g28485.t1,gene,AT5G54540.1,Note=Uncharacterised conserved protein (UCP012943): conf_class=2: computational_description=Uncharacterized conserved protein (UCP012943): conf_rating=****: symbol=None: curator_summary=None: 
Cexcelsa_scaf_5,29080210,g28548.,g28548.t1,gene,AT5G56190.7,Note=None: conf_class=2: computational_description=Transducin/WD40 repeat-like superfamily protein: conf_rating=****: symbol=None: curator_summary=: 
Cexcelsa_scaf_5,29080216,g28548.,g28548.t1,gene,AT5G56190.7,Note=None: conf_class=2: computational_description=Transducin/WD40 repeat-like superfamily protein: conf_rating=****: symbol=None: curator_summary=: 
Cexcelsa_scaf_5,29680814,g28693.,g28693.t1,gene,AT5G58240.1,Note=FRAGILE HISTIDINE TRIAD: curator_summary=Encodes a Fhit protein. Has nucleoside phosphoramidase and adenylylsulfatase activities.: symbol=FHIT: full_name=FRAGILE HISTIDINE TRIAD: computational_description=FRAGILE HISTIDINE TRIAD: conf_class=2: conf_rating=****: 
Cexcelsa_scaf_5,33177545,g29666.,g29666.t1,gene,AT5G06600.1,"Note=ubiquitin-specific protease 12: curator_summary=Encodes a ubiquitin-specific protease which together with UBP13 deubiquitinates DA1, DAR1 and DAR2, hence reducing their peptidase activity. Works upstream of DA1, DAR1 and DAR2 to restrict their protease activity and hence fine-tune plant growth and development.: symbol=UBP12: full_name=ubiquitin-specific protease 12: computational_description=ubiquitin-specific protease 12: conf_class=2: conf_rating=****: "
Cexcelsa_scaf_5,33177974,g29666.,g29666.t1,gene,AT5G06600.1,"Note=ubiquitin-specific protease 12: curator_summary=Encodes a ubiquitin-specific protease which together with UBP13 deubiquitinates DA1, DAR1 and DAR2, hence reducing their peptidase activity. Works upstream of DA1, DAR1 and DAR2 to restrict their protease activity and hence fine-tune plant growth and development.: symbol=UBP12: full_name=ubiquitin-specific protease 12: computational_description=ubiquitin-specific protease 12: conf_class=2: conf_rating=****: "
Cexcelsa_scaf_5,33177918,g29666.,g29666.t1,gene,AT5G06600.1,"Note=ubiquitin-specific protease 12: curator_summary=Encodes a ubiquitin-specific protease which together with UBP13 deubiquitinates DA1, DAR1 and DAR2, hence reducing their peptidase activity. Works upstream of DA1, DAR1 and DAR2 to restrict their protease activity and hence fine-tune plant growth and development.: symbol=UBP12: full_name=ubiquitin-specific protease 12: computational_description=ubiquitin-specific protease 12: conf_class=2: conf_rating=****: "
Cexcelsa_scaf_5,33177792,g29666.,g29666.t1,gene,AT5G06600.1,"Note=ubiquitin-specific protease 12: curator_summary=Encodes a ubiquitin-specific protease which together with UBP13 deubiquitinates DA1, DAR1 and DAR2, hence reducing their peptidase activity. Works upstream of DA1, DAR1 and DAR2 to restrict their protease activity and hence fine-tune plant growth and development.: symbol=UBP12: full_name=ubiquitin-specific protease 12: computational_description=ubiquitin-specific protease 12: conf_class=2: conf_rating=****: "
Cexcelsa_scaf_3,163764,g30748.,g30748.t1,gene,AT1G01340.2,"Note=cyclic nucleotide gated channel 10: curator_summary=member of Cyclic nucleotide gated channel family, regulated by Bacillus amyloliquefaciens under high calcium stress.: symbol=CNGC10: full_name=cyclic nucleotide gated channel 10: computational_description=cyclic nucleotide gated channel 10: conf_class=1: conf_rating=*****: conf_class=6: conf_rating=**: "
Cexcelsa_scaf_3,2948243,g31554.,g31554.t1,gene,AT1G14790.1,"Note=RNA-dependent RNA polymerase 1: curator_summary=Encodes RNA-dependent RNA polymerase.   While not required for virus-induced post-transcriptional gene silencing (PTGS), it can promote turnover of viral RNAs in infected plants. Nomenclature according to Xie, et al. (2004). Involved in the production of Cucumber Mosaic Virus siRNAs.: symbol=RDR1: full_name=RNA-dependent RNA polymerase 1: computational_description=RNA-dependent RNA polymerase 1: conf_class=1: conf_rating=*****: "
Cexcelsa_scaf_3,4317685,g31967.,g31967.t1,gene,AT1G21100.1,"Note=O-methyltransferase family protein: symbol=IGMT1: full_name=indole glucosinolate O-methyltransferase 1: computational_description=O-methyltransferase family protein: conf_class=2: conf_rating=****: curator_summary=Indole glucosinolate O-methyltransferase, involved in the conversion of indole-3-ylmethyl glucosinolate (I3G) to 4MI3G.: "
Cexcelsa_scaf_3,7569397,g32691.,g32691.t1,gene,AT4G22390.1,Note=F-box associated ubiquitination effector family protein: conf_class=2: computational_description=F-box associated ubiquitination effector family protein: conf_rating=****: symbol=None: curator_summary=None: 
Cexcelsa_scaf_3,11797264,g33430.,g33430.t1,gene,AT5G02880.1,Note=ubiquitin-protein ligase 4: curator_summary=encodes a ubiquitin-protein ligase containing a HECT domain. There are six other HECT-domain UPLs in Arabidopsis. The mRNA is cell-to-cell mobile.: symbol=UPL4: full_name=ubiquitin-protein ligase 4: computational_description=ubiquitin-protein ligase 4: conf_class=2: conf_rating=****: 
Cexcelsa_scaf_3,11796402,g33430.,g33430.t1,gene,AT5G02880.1,Note=ubiquitin-protein ligase 4: curator_summary=encodes a ubiquitin-protein ligase containing a HECT domain. There are six other HECT-domain UPLs in Arabidopsis. The mRNA is cell-to-cell mobile.: symbol=UPL4: full_name=ubiquitin-protein ligase 4: computational_description=ubiquitin-protein ligase 4: conf_class=2: conf_rating=****: 
Cexcelsa_scaf_3,11796989,g33430.,g33430.t1,gene,AT5G02880.1,Note=ubiquitin-protein ligase 4: curator_summary=encodes a ubiquitin-protein ligase containing a HECT domain. There are six other HECT-domain UPLs in Arabidopsis. The mRNA is cell-to-cell mobile.: symbol=UPL4: full_name=ubiquitin-protein ligase 4: computational_description=ubiquitin-protein ligase 4: conf_class=2: conf_rating=****: 
Cexcelsa_scaf_3,11804177,g33432.,g33432.t1,gene,AT4G23160.2,full_name=cysteine-rich RLK (RECEPTOR-like protein kinase) 8: Note=None: curator_summary=Encodes a cysteine-rich receptor-like protein kinase.: conf_class=6: symbol=None: computational_description=cysteine-rich RECEPTOR-like kinase: conf_rating=**: 
Cexcelsa_scaf_3,41496807,g38122.,g38122.t1,gene,AT2G39260.1,Note=binding: computational_description=regulator of nonsense transcripts UPF2: conf_class=2: conf_rating=****: symbol=UPF2: curator_summary=Nonsense mediated decay (NMD)factor.: 
Cexcelsa_scaf_3,41506447,g38124.,g38124.t1,gene,AT2G39350.1,"Note=ABC-2 type transporter family protein: curator_summary=Belongs to a clade of five Arabidopsis thaliana ABCG half-transporters that are required for synthesis of an effective suberin barrier in roots and seed coats (ABCG2, ABCG6, and ABCG20) and for synthesis of an intact pollen wall (ABCG1 and ABCG16).: symbol=ABCG1: full_name=ATP-binding cassette G1: computational_description=ABC-2 type transporter family protein: conf_class=1: conf_rating=*****: "
Cexcelsa_scaf_3,41506450,g38124.,g38124.t1,gene,AT2G39350.1,"Note=ABC-2 type transporter family protein: curator_summary=Belongs to a clade of five Arabidopsis thaliana ABCG half-transporters that are required for synthesis of an effective suberin barrier in roots and seed coats (ABCG2, ABCG6, and ABCG20) and for synthesis of an intact pollen wall (ABCG1 and ABCG16).: symbol=ABCG1: full_name=ATP-binding cassette G1: computational_description=ABC-2 type transporter family protein: conf_class=1: conf_rating=*****: "
Cexcelsa_scaf_3,43340369,g38527.,g38527.t1,gene,AT2G21520.3,Note=Sec14p-like phosphatidylinositol transfer family protein: conf_class=4: computational_description=Sec14p-like phosphatidylinositol transfer family protein: conf_rating=***: symbol=None: curator_summary=None: conf_class=2: conf_rating=****: 
Cexcelsa_scaf_2,4001813,g40268.,g40268.t1,gene,AT4G09680.1,Note=conserved telomere maintenance component 1: curator_summary=Encodes CTC1 (Conserved Telomere Maintenance Component 1) involved in telomere maintenance.: symbol=CTC1: full_name=conserved telomere maintenance component 1: computational_description=conserved telomere maintenance component 1: conf_class=6: conf_rating=**: conf_class=2: conf_rating=****: 
Cexcelsa_scaf_2,4001814,g40268.,g40268.t1,gene,AT4G09680.1,Note=conserved telomere maintenance component 1: curator_summary=Encodes CTC1 (Conserved Telomere Maintenance Component 1) involved in telomere maintenance.: symbol=CTC1: full_name=conserved telomere maintenance component 1: computational_description=conserved telomere maintenance component 1: conf_class=6: conf_rating=**: conf_class=2: conf_rating=****: 
Cexcelsa_scaf_2,4113991,g40302.,g40302.t1,gene,AT4G10310.1,Note=high-affinity K+ transporter 1: curator_summary=encodes a sodium transporter (HKT1) expressed in xylem parenchyma cells. Mutants over-accumulate sodium in shoot tissue and have increased sodium in the xylem sap and reduced sodium in phloem sap and roots.: symbol=HKT1: full_name=high-affinity K+ transporter 1: computational_description=high-affinity K+ transporter 1: conf_class=2: conf_rating=****: 
Cexcelsa_scaf_2,24951067,g43710.,g43710.t1,gene,AT2G38430.1,Note=None: conf_class=1: computational_description=hypothetical protein: conf_rating=*****: symbol=None: curator_summary=None: 
Cexcelsa_scaf_2,27497945,g44174.,g44174.t1,gene,AT1G61370.1,Note=S-locus lectin protein kinase family protein: conf_class=6: computational_description=S-locus lectin protein kinase family protein: conf_rating=**: symbol=None: curator_summary=None: 
Cexcelsa_scaf_2,27497705,g44174.,g44174.t1,gene,AT1G61370.1,Note=S-locus lectin protein kinase family protein: conf_class=6: computational_description=S-locus lectin protein kinase family protein: conf_rating=**: symbol=None: curator_summary=None: 
Cexcelsa_scaf_2,35051728,g45818.,g45818.t1,gene,AT1G69830.1,Note=alpha-amylase-like 3: curator_summary=Encodes a plastid-localized α-amylase. Expression is reduced in the SEX4 mutant. Loss of function mutations show normal diurnal pattern of starch accumulation/degradation.  Expression follows circadian rhythms.: symbol=AMY3: full_name=alpha-amylase-like 3: computational_description=alpha-amylase-like 3: conf_class=2: conf_rating=****: 
Cexcelsa_scaf_2,35051713,g45818.,g45818.t1,gene,AT1G69830.1,Note=alpha-amylase-like 3: curator_summary=Encodes a plastid-localized α-amylase. Expression is reduced in the SEX4 mutant. Loss of function mutations show normal diurnal pattern of starch accumulation/degradation.  Expression follows circadian rhythms.: symbol=AMY3: full_name=alpha-amylase-like 3: computational_description=alpha-amylase-like 3: conf_class=2: conf_rating=****: 
Cexcelsa_scaf_2,37418976,g46370.,g46370.t1,gene,AT1G77520.1,Note=O-methyltransferase family protein: conf_class=2: computational_description=O-methyltransferase family protein: conf_rating=****: symbol=None: curator_summary=None: 
Cexcelsa_scaf_2,37418960,g46370.,g46370.t1,gene,AT1G77520.1,Note=O-methyltransferase family protein: conf_class=2: computational_description=O-methyltransferase family protein: conf_rating=****: symbol=None: curator_summary=None: 
Cexcelsa_scaf_2,38732798,g46690.,g46690.t1,gene,AT5G39680.1,Note=Pentatricopeptide repeat (PPR) superfamily protein: symbol=EMB2744: full_name=EMBRYO DEFECTIVE 2744: computational_description=Pentatricopeptide repeat (PPR) superfamily protein: conf_class=1: conf_rating=*****: curator_summary=None: 
Cexcelsa_scaf_2,41701626,g47233.,g47233.t1,gene,AT4G17690.1,Note=Peroxidase superfamily protein: conf_class=1: computational_description=Peroxidase superfamily protein: conf_rating=*****: symbol=None: curator_summary=None: 
Cexcelsa_scaf_6,273695,g49351.,g49351.t1,gene,AT1G01070.1,Note=nodulin MtN21 /EamA-like transporter family protein: curator_summary=Encodes a plasma membrane-localized amino acid transporter likely involved in amino acid export in the developing seed.: symbol=UMAMIT28: full_name=Usually multiple acids move in and out Transporters 28: computational_description=nodulin MtN21 /EamA-like transporter family protein: conf_class=2: conf_rating=****: conf_class=1: conf_rating=*****: 
Cexcelsa_scaf_6,2320034,g49965.,g49965.t1,gene,AT1G16270.2,Note=Protein kinase superfamily protein with octicosapeptide/Phox/Bem1p domain: computational_description=kinase superfamily with octicosapeptide/Phox/Bem1p domain-containing protein: conf_class=4: conf_rating=***: symbol=B4: curator_summary=None: 
Cexcelsa_scaf_6,9036358,g51370.,g51370.t1,gene,AT2G33585.1,Note=None: conf_class=4: computational_description=subtilisin-like protease: conf_rating=***: symbol=None: curator_summary=None: 
Cexcelsa_scaf_6,9036369,g51370.,g51370.t1,gene,AT2G33585.1,Note=None: conf_class=4: computational_description=subtilisin-like protease: conf_rating=***: symbol=None: curator_summary=None: 
